"Reference","Qty","Value","DNP","Exclude from BOM","Exclude from Board","Footprint","Datasheet"
"C1","1","220nF","","","","Capacitor_SMD:C_0603_1608Metric_Pad1.08x0.95mm_HandSolder","~"
"C2,C3,C5","3","100nF","","","","Capacitor_SMD:C_0603_1608Metric_Pad1.08x0.95mm_HandSolder","~"
"C4,C6,C7","3","10uF","","","","Capacitor_SMD:C_0603_1608Metric_Pad1.08x0.95mm_HandSolder","~"
"D1,D2","2","LED","","","","LED_SMD:LED_0603_1608Metric_Pad1.05x0.95mm_HandSolder","~"
"D6","1","BAS516","","","","Diode_SMD:D_SOD-523","https://assets.nexperia.com/documents/data-sheet/BAS16_SER.pdf"
"FID1,FID2,FID3,FID4","4","Fiducial","","Exclure de la Liste du Matériel","","MountingHole:MountingHole_3.2mm_M3","~"
"J1,J2","2","Conn_01x02_Pin","","","","Connector_PinHeader_2.54mm:PinHeader_1x02_P2.54mm_Vertical","~"
"J3","1","Conn_01x02","","","","Connector_Phoenix_MSTB:PhoenixContact_MSTBVA_2,5_2-G-5,08_1x02_P5.08mm_Vertical","~"
"J4","1","Conn_01x04_Pin","","","","Connector_PinHeader_2.54mm:PinHeader_1x04_P2.54mm_Vertical","~"
"J5","1","USB_C_Receptacle_USB2.0_16P","","","","oem_connecteur:GCT_USB4500-03-0-A_REVA1","https://www.usb.org/sites/default/files/documents/usb_type-c.zip"
"JP1,JP2","2","SolderJumper_3_Open","","","","Jumper:SolderJumper-3_P2.0mm_Open_TrianglePad1.0x1.5mm_NumberLabels","~"
"R1","1","R","","","","Resistor_SMD:R_2512_6332Metric_Pad1.40x3.35mm_HandSolder","~"
"R2,R3","2","10R","","","","Resistor_SMD:R_0603_1608Metric_Pad0.98x0.95mm_HandSolder","~"
"R4,R5,R6,R7,R8,R9","6","10k","","","","Resistor_SMD:R_0603_1608Metric_Pad0.98x0.95mm_HandSolder","~"
"R10,R11","2","0R","","","","Resistor_SMD:R_0603_1608Metric_Pad0.98x0.95mm_HandSolder","~"
"R12,R13","2","1k","","","","Resistor_SMD:R_0603_1608Metric_Pad0.98x0.95mm_HandSolder","~"
"R14,R15","2","5.1k","","","","Resistor_SMD:R_0603_1608Metric_Pad0.98x0.95mm_HandSolder","~"
"R16","1","12k","","","","Resistor_SMD:R_0603_1608Metric_Pad0.98x0.95mm_HandSolder","~"
"U1","1","INA228","","","","Package_SO:VSSOP-10_3x3mm_P0.5mm","https://www.ti.com/lit/ds/symlink/ina228.pdf"
"U2","1","ESP32-C3-WROOM-02","","","","RF_Module:ESP32-C3-WROOM-02","https://www.espressif.com/sites/default/files/documentation/esp32-c3-wroom-02_datasheet_en.pdf"
"U4","1","NCP1117-3.3_SOT223","","","","Package_TO_SOT_SMD:SOT-223-3_TabPin2","http://www.onsemi.com/pub_link/Collateral/NCP1117-D.PDF"
